input_file,correctness,completeness,accuracy
lightsheet-073cad035ce246a0134e2214569adde9.json,0.9,0.9090909090909091,0.8260869565217391
lightsheet-0edae0041941fe20ca2545307a48b623.json,0.9,0.9090909090909091,0.8695652173913043
lightsheet-125b3046e85b46c0dc1ef3b283bc495c.json,0.9,0.9090909090909091,0.8695652173913043
lightsheet-298caad597d4a9eaaa3edbc89d79db82.json,1.0,0.9090909090909091,0.9130434782608695
lightsheet-47c6e5756017c743db795c5f61925182.json,1.0,1.0,0.9565217391304348
lightsheet-900b170ed73f52728ed7c941102b8e70.json,0.9,0.9090909090909091,0.9130434782608695
lightsheet-abc2742ced21e7b42e88c1e51b558dcb.json,0.9,0.9090909090909091,0.9130434782608695
lightsheet-b6eba6afe660a8a85c2648e368b0cf9f.json,1.0,0.9090909090909091,0.9565217391304348
lightsheet-d76ee69cff161f4605f9d65721f41f5d.json,1.0,0.9090909090909091,0.8260869565217391
